"","Lokalitet","Trenr","Art","Hoyde(m)","DBH(cm)","OBH(cm)","dbh.mm","height.dm","tree.sp","Notat","living.branches","dead.branches","stem.wood","stump","bark","usoil","rot1","rot2","foliage","biomass.aboveground.kg","biomass.belowground.kg","total.biomass.kg"
"1",1,1,"furu",6,13.6873251059021,43,136.873251059021,60,10,NA,21.2640414693089,0.930813693139899,15.5685743260552,3.68983029965816,2.38510022057412,14.2835997936175,3.64505239297465,5.34795317217835,7.22529070868252,43.8383600087363,10.5937694939594,54.4321295026957
"2",1,2,"furu",6.3,13.3690152197183,42,133.690152197183,63,10,NA,18.5720934345632,0.929910527665378,15.6233077245748,3.45824975829583,2.3368277949322,13.3904689229823,3.46360715074139,4.96141497776036,6.35720254601753,40.9203892400314,9.9322191646865,50.8526084047179
"3",1,3,"furu",8.1,22.6000019190476,71,226.000019190477,81,10,NA,69.7088774616489,2.67822821448284,53.7158245177533,14.5110949068197,6.72535236692315,53.2362653276605,10.1576503861942,23.658363423843,16.9188742965616,147.339377467628,38.7251704208408,186.064547888469
"4",1,4,"furu",3.6,9.54929658551309,30,95.4929658551309,36,10,NA,11.8304756747332,0.312877782700444,4.85072014153137,1.39352984082301,1.00736683788532,5.29061730171737,1.64854460269071,1.64967782048368,5.22449389915334,19.3949702776734,3.89708746089436,23.2920577385678
"5",1,5,"furu",4.7,10.1859163578806,32,101.859163578806,47,10,NA,10.6763033803306,0.447882072529137,7.03575335599096,1.65280301764206,1.26785813071059,6.31944616610513,1.9024470760848,2.04325823462796,4.35467997330021,21.0805999572033,4.66664314846307,25.7472431056664
"6",1,6,"furu",3.7,11.1408460164319,35,111.408460164319,37,10,NA,19.1782330247132,0.422387157310971,6.62680347705407,2.10189335806503,1.33083847845577,8.09521086225626,2.32062596882047,2.74596506914877,7.87727381083641,29.660155495599,5.99331750419122,35.6534729997903
"7",1,7,"furu",8.4,27.0563403256204,85,270.563403256204,84,10,NA,109.398594386402,3.57632831082495,76.4786562085682,23.1486365322537,9.32931893626841,81.7179933264739,14.0944891559659,37.7710031477834,23.5383141704571,221.931534374317,58.5693567942202,280.500891168537
"8",1,8,"furu",8.6,24.1915513499665,76,241.915513499665,86,10,NA,78.5698144404994,3.09539628087987,64.5099742510735,17.3553247119088,7.78137886767127,62.8117075814363,11.5307043416212,28.3667556574125,18.2007217495596,171.311888552033,45.4563828695276,216.76827142156
"9",1,9,"furu",7.5,31.830988618377,100,318.30988618377,75,10,NA,189.254448893417,4.09747900614554,89.2207486657992,34.5941802620413,11.602065210084,117.231569591893,18.5281534413457,55.6712143683292,36.776779048203,328.768922037487,82.6373893298521,411.406311367339
"10",1,10,"furu",9.6,18.4619733986586,58,184.619733986586,96,10,NA,31.3059166737387,2.19343141015986,44.2522793538036,8.41375462373346,5.05996648577245,31.8776873346079,6.83614072407407,13.3745977636327,8.66316158013531,91.2253485472081,23.4639327108745,114.689281258083
"11",2,1,"furu",8.4,17.1887338539236,54,171.887338539236,84,10,NA,29.4602569233131,1.77947422668795,33.662084771812,6.91690372073535,4.18850292425966,26.4204716682026,5.90692402936684,10.8222062532689,8.52717400903918,76.0072225668081,19.5035679474673,95.5107905142754
"12",2,2,"furu",9.7,28.3295798703555,89,283.295798703555,97,10,NA,103.860955958895,4.20772353037524,96.1216932185333,25.9903783297549,10.7519772014928,90.7411247349632,15.2622408639957,42.2959083207321,21.6894555658558,240.932728239051,64.7507464052083,305.683474644259
"13",2,3,"furu",8.1,15.2788745368209,48,152.788745368209,81,10,NA,21.2060761452493,1.42191058757915,25.9497137808614,4.9989486174091,3.3289828953622,19.2740144701488,4.61532909650389,7.5558396636274,6.60198266462115,56.9056320264612,14.2750658527397,71.1806978792009
"14",2,4,"furu",6.6,14.0056349920859,44,140.056349920859,66,10,NA,20.4515785802065,1.04677370010618,17.8765564903807,3.93132175250411,2.594639162895,15.2115722494972,3.83081206623178,5.75265086369004,6.7889672727755,45.9008696860925,11.2802504969931,57.1811201830855
"15",2,5,"furu",7,14.3239448782696,45,143.239448782696,70,10,NA,20.5064530554569,1.1400156940718,19.7898241864872,4.18285745562826,2.77435924817708,16.1745188221902,4.02080424199349,6.1756650170102,6.68570401186973,48.3935096398213,11.991661366562,60.3851710063832
"16",2,6,"furu",11.5,26.7380304394367,84,267.380304394367,115,10,NA,72.8317890557868,4.30998423563047,104.658827351554,22.4633349736835,10.5280670605138,79.5188842149646,13.8048821495091,36.6713133798329,15.9839616963681,214.792002677169,57.0555492412812,271.84755191845
"17",2,7,"furu",4.3,13.0507053335346,41,130.507053335346,43,10,NA,27.0884333036035,0.641336407816696,10.3015985292869,3.23643913146865,1.88542557145467,12.5320112816366,3.28655603757595,4.59285615530938,9.96073237324574,43.1532329436304,9.295572150168,52.4488050937984
"18",2,8,"furu",10.5,20.0535228295775,63,200.535228295775,105,10,NA,36.086408716394,2.65205611843729,56.7589944988957,10.5352804272654,6.111194051135,39.455354481744,8.06422718885627,16.9785956258244,9.50538923436208,112.143933812127,28.9200740544786,141.064007866606
"19",2,9,"furu",11,23.554931577599,74,235.54931577599,110,10,NA,54.3478765428626,3.49380806748678,79.8902776459298,16.1848929814818,8.2956657463892,58.897193888908,10.9763414862651,26.4365358014701,12.9197982325048,162.21252098415,42.7123009074262,204.924821891576
"20",2,10,"furu",11.2,17.1887338539236,54,171.887338539236,112,10,NA,20.8868174191184,2.14747839553162,45.6702573126448,6.91690372073535,4.76561368373567,26.4204716682026,5.90692402936684,10.8222062532689,6.10235988643669,80.3870705317658,19.5035679474673,99.8906384792331
"21",2,11,"furu",9.1,12.7323954473508,40,127.323954473508,91,10,NA,10.191113850929,1.12572600853444,20.7071281174399,3.0242497879276,2.52514965986807,11.7080216413574,3.11397620973475,4.24207296263708,3.50951099351369,37.573367424699,8.6837718534298,46.2571392781288
"22",2,12,"furu",9.2,21.3267623743126,67,213.267623743126,92,10,NA,50.6574304768121,2.680457478525,55.2070090027202,12.4339763883396,6.4271958104667,46.099406455079,9.09316105795223,20.1821682629119,12.7541119518145,127.406069156863,33.6654300667394,161.071499223603
"23",2,13,"furu",10.6,26.4197205532529,83,264.197205532529,106,10,NA,77.7663886551458,4.0377907260888,93.8373500074991,21.7882552578067,9.94546765424819,77.3433368703602,13.5163197008559,35.5847379081279,17.0819426551363,207.375252300789,55.5550816125535,262.930333913342
"24",2,14,"furu",4.2,12.414085561167,39,124.14085561167,42,10,NA,23.6220496795833,0.57499525665116,9.16181419541262,2.82152550678812,1.70600393675276,10.9182569117259,2.94594195279405,3.90883765147293,8.95951101137858,37.886388575188,8.09673140493781,45.9831199801258
"25",2,15,"furu",11.5,21.6450722604963,68,216.450722604963,115,10,NA,40.5011184703329,3.15414804035861,72.0389545757219,12.9365850458396,7.2931354389001,47.838371030654,9.35615017548548,21.0261471570749,10.2254203796329,135.923941571153,34.9017859848144,170.825727555968
"26",2,16,"furu",8.6,14.3239448782696,45,143.239448782696,86,10,NA,16.0329100678811,1.32885065704615,24.4198074604196,4.18285745562826,3.04282279540145,16.1745188221902,4.02080424199349,6.1756650170102,5.17527797327551,49.0072484363766,11.991661366562,60.9989098029385
"27",2,17,"furu",8,13.3690152197183,42,133.690152197183,80,10,NA,13.9581675547301,1.11906951103272,19.8776602038961,3.45824975829583,2.60123196555282,13.3904689229823,3.46360715074139,4.96141497776036,4.69234563521345,41.0143789935076,9.9322191646865,50.946598158194
"28",2,18,"furu",8,14.0056349920859,44,140.056349920859,80,10,NA,16.2497816869416,1.21333902091852,21.7159224693503,3.93132175250411,2.82855144656008,15.2115722494972,3.83081206623178,5.75265086369004,5.32310522875922,45.9389163762745,11.2802504969931,57.2191668732676
"29",2,19,"furu",9.3,16.552114081556,52,165.52114081556,93,10,NA,23.1786926090868,1.79353860263864,34.8602797956214,6.23444463368849,4.09462673833785,23.8985512967333,5.4620372370495,9.65820559894849,6.86484735277253,70.1615823793732,17.6641066630448,87.825689042418
"30",2,20,"furu",9.2,14.3239448782696,45,143.239448782696,92,10,NA,14.7909785548729,1.39236599883673,26.2006768672328,4.18285745562826,3.13630871019164,16.1745188221902,4.02080424199349,6.1756650170102,4.77372750780838,49.7031875867623,11.991661366562,61.6948489533243
"31",2,21,"furu",8.6,15.2788745368209,48,152.788745368209,86,10,NA,19.7406413427344,1.48438240381207,27.6056480393071,4.9989486174091,3.41966679045455,19.2740144701488,4.61532909650389,7.5558396636274,6.13665261064434,57.2492871937173,14.2750658527397,71.524353046457
"32",3,1,"furu",6.7,17.1887338539236,54,171.887338539236,67,10,NA,38.6046829330716,1.49971426495368,26.7515872613527,6.91690372073535,3.78437767061861,26.4204716682026,5.90692402936684,10.8222062532689,11.3240903655968,77.5572658507319,19.5035679474673,97.0608337981992
"33",3,2,"furu",9,15.5971844230047,49,155.971844230047,90,10,NA,19.969882539509,1.58683232648603,30.0991993725303,5.29184176841617,3.62296575026627,20.3775054559387,4.82139732179115,8.05324516159392,6.13031485958587,60.5707217572077,15.0856636875225,75.6563854447303
"34",3,3,"furu",9.5,21.6450722604963,68,216.450722604963,95,10,NA,50.8935464050044,2.80221824227223,58.6619546391651,12.9365850458396,6.69396965875711,47.838371030654,9.35615017548548,21.0261471570749,12.6958892445888,131.988273991038,34.9017859848144,166.890059975853
"35",3,4,"furu",8.8,16.8704239677398,53,168.704239677398,88,10,NA,26.2867072997931,1.78267814169415,34.1049386602229,6.57022197120949,4.13455181642475,25.1421390193682,5.6827616974887,10.2308131846345,7.69248292485374,72.8790978893444,18.5719170481587,91.4510149375031
"36",3,5,"furu",11.3,24.1915513499665,76,241.915513499665,113,10,NA,56.688288698716,3.69266623792382,86.2472641788298,17.3553247119088,8.7955581402542,62.8117075814363,11.5307043416212,28.3667556574125,13.272083339522,172.779101967633,45.4563828695276,218.23548483716
"37",3,6,"furu",11.8,25.7831007808853,81,257.831007808853,118,10,NA,64.0753746693839,4.1524385990556,101.114702712102,20.4690798628351,10.0099892197128,73.0647150474029,12.9425633859532,33.4519272286101,14.447010805019,199.821585063089,52.5956351845678,252.417220247657
"38",3,7,"gran",9.4,17.8253536262911,56,178.253536262911,94,1,NA,50.3055159074826,0.918451384628491,38.6961410536362,8.13537469137797,5.82672989475273,37.2129535706151,7.30466061554936,17.1747562203786,18.1493149771614,103.882212931878,29.0775788792371,132.959791811115
"39",3,8,"furu",11.5,27.3746502118042,86,273.746502118042,115,10,NA,77.4986338421863,4.45478296466977,108.95422746389,23.8440773896504,10.9558323060922,83.9402175217157,14.3850836477516,38.8835573741828,16.7452937967504,225.707553966488,60.0961401320653,285.803694098554
"40",3,9,"furu",5.4,9.86760647169686,31,98.6760647169686,54,10,NA,8.13135569100885,0.477691970301289,7.58739137885824,1.51929798795867,1.27778411661175,5.7899248767563,1.77298478372182,1.83926812529836,3.28643645438989,18.9935211447388,4.27062688879762,23.2641480335364
"41",3,10,"furu",6.3,12.7323954473508,40,127.323954473508,63,10,NA,15.8177246432843,0.85378537134891,14.2406689237399,3.0242497879276,2.14106254756513,11.7080216413574,3.11397620973475,4.24207296263708,5.55848723152556,36.0774912738658,8.6837718534298,44.7612631272956
"42",3,11,"furu",11.9,25.4647908947016,80,254.647908947016,119,10,NA,61.3363029299832,4.09801497917299,99.8802066463817,19.8251372136362,9.83613789205518,70.9625336169097,12.6574903162775,32.4061889277901,13.9580824473936,194.975799661229,51.1373964032735,246.113196064503
"43",3,12,"furu",7.6,25.1464810085178,79,251.464810085178,76,10,NA,101.312940333808,2.99316972405687,60.8136241576725,19.1917221988926,7.87138417944072,68.8856992301996,12.3737034159861,31.3745581735671,22.9735896875587,192.182840593871,49.693977031307,241.876817625178
"44",3,13,"furu",5.4,11.7774657887995,37,117.774657887995,54,10,NA,14.6879441651923,0.654298452510401,10.5598969963431,2.44380972416437,1.73911631349279,9.44023506400168,2.62379084326941,3.2939778638113,5.47908615124624,30.0850656517029,6.99642533983731,37.0814909915403
"45",3,14,"furu",6.7,10.8225361302482,34,108.225361302482,67,10,NA,8.55962480848155,0.672903759667705,11.1439286341714,1.94389146231221,1.65124214875377,7.47153949470262,2.17630813048496,2.49619601493523,3.23869486807553,23.9715908133867,5.52764803239041,29.4992388457771
"46",3,15,"furu",12.2,30.2394391874581,95,302.394391874581,122,10,NA,93.2035055993549,5.27268762456301,137.381377189265,30.5447083997176,13.277039784489,104.907255481656,17.0360903838108,49.4343450030681,18.9965360984186,279.67931859739,74.3625470819386,354.041865679328
"47",3,16,"gran",10,20.690142601945,65,206.90142601945,100,1,NA,71.7824310625743,1.15378064691054,53.6897624673144,12.0862357605867,8.0868929374443,54.329182278899,9.55896758720212,25.9716773151838,24.8621572438154,146.79910287483,42.2429465183123,189.042049393142
"48",3,17,"furu",10.1,21.3267623743126,67,213.267623743126,101,10,NA,45.3090860901727,2.85012429698683,60.9404229143388,12.4339763883396,6.70206959961321,46.099406455079,9.09316105795223,20.1821682629119,11.4382069652453,128.235679289451,33.6654300667394,161.90110935619
"49",3,18,"furu",11.3,28.966199642723,91,289.66199642723,113,10,NA,91.6177802384547,4.7672077152999,117.575244677232,27.4703362201236,11.9488377341768,95.3824909224039,15.8509616987048,44.6305567273557,19.0379794423607,253.379406585287,67.9121547022803,321.291561287567
"50",3,19,"furu",13,26.1014106670691,82,261.014106670691,130,10,NA,58.9850025718216,4.44852644687772,115.048726875983,21.1234776209983,10.6762830392858,75.1917982177145,13.2288602040422,34.5115262271041,13.3743934603195,210.282016554967,54.0683205967162,264.350337151683
"51",3,20,"furu",4.3,12.414085561167,39,124.14085561167,43,10,NA,22.9668041292067,0.587417917636872,9.36909887187788,2.82152550678812,1.72411157848688,10.9182569117259,2.94594195279405,3.90883765147293,8.67131474595372,37.4689580039965,8.09673140493781,45.5656894089343
"52",3,21,"furu",6.3,16.552114081556,52,165.52114081556,63,10,NA,36.9231440074015,1.34036572972582,23.4330980899646,6.23444463368849,3.43811281897832,23.8985512967333,5.4620372370495,9.65820559894849,11.1565432391819,71.3691652797587,17.6641066630448,89.0332719428035
"53",3,22,"furu",13.5,31.830988618377,100,318.30988618377,135,10,NA,93.7276692840332,5.93854384527053,167.338601796909,34.5941802620413,15.1034469734854,117.231569591893,18.5281534413457,55.6712143683292,18.7797753461786,316.702442161739,82.6373893298521,399.339831491591
"54",4,1,"gran",24.1,28.3295798703555,89,283.295798703555,241,1,NA,85.4772446590673,7.45803924732702,278.331157829372,27.1952880444076,22.535250573762,115.878866348027,16.2470590620164,56.8818652145963,31.9706246229405,420.996980353936,88.683578303619,509.680558657555
"55",4,2,"gran",19.9,21.3267623743126,67,213.267623743126,199,1,NA,48.9412828369715,3.87919662269396,130.453842661464,13.0919385947091,11.6452675250019,58.6020337478873,10.0842070394799,28.1609853643297,19.0411803959168,208.011528240841,45.5100951531782,253.521623394019
"56",4,3,"gran",16.8,25.1464810085178,79,251.464810085178,168,1,NA,83.8021592977578,3.25191471305208,137.21300004277,20.1029242494514,14.833640344282,87.6227629558414,13.3753403259877,42.8728622980627,29.7035707941661,259.203638647313,67.5198387063901,326.723477353703
"57",4,4,"gran",19.6,21.6450722604963,68,216.450722604963,196,1,NA,51.4182152216617,3.81473785494654,131.010909568367,13.6123004543842,11.9031794317658,60.8008348670759,10.3496928873596,29.2857046640765,19.8325686996796,211.759342531125,47.1885344126917,258.947876943817
"58",4,5,"gran",21.7,23.8732414637827,75,238.732414637827,217,1,NA,61.1055596743054,5.12292062052828,179.193906156665,17.5809427986509,15.271398510864,77.3247460228172,12.2551767101064,37.6876223262017,23.439096661249,278.274727761014,59.7438032241663,338.01853098518
"59",4,6,"gran",22.7,29.6028194150906,93,296.028194150906,227,1,NA,99.3058612273074,6.80462445976932,272.291736402466,30.3366611264136,23.6384896070081,128.107286101717,17.4158022899801,62.8448263831477,35.9830976114328,432.377372822965,97.7706249753031,530.147997798268
"60",4,7,"gran",21,30.8760589598257,97,308.760589598257,210,1,NA,116.13492372361,5.99495016908044,259.21889027041,33.6447106273319,24.4730881792101,140.818596705243,18.591757346654,68.9809634604342,40.6403110622904,439.466562969643,107.173886077911,546.640449047553
"61",4,8,"gran",24,30.2394391874581,95,302.394391874581,240,1,NA,99.8787743603674,7.81717271100326,306.612072588306,31.970186175727,25.3832341699834,134.404523575767,18.00303842812,65.89253033084,36.5409190837078,471.661440005388,102.43433740004,574.095777405427
"62",4,9,"gran",22.4,28.966199642723,91,289.66199642723,224,1,NA,95.3629846272862,6.49231801724962,257.87405835821,28.7448120768276,22.5323558198373,121.930772116648,16.8303650294643,59.8404005724007,34.6636018925954,411.006528899411,93.1859600398203,504.192488939231
"63",4,10,"gran",22.6,27.3746502118042,86,273.746502118042,226,1,NA,82.836505340523,6.29900924742567,238.695512558738,24.9517048111503,20.3577502091129,107.043108942118,15.3768650315726,52.5359667932514,30.7395720304716,373.140482166949,82.0914041309674,455.231886297917
"64",4,11,"gran",14.6,24.5098612361503,77,245.098612361503,146,1,NA,86.607142411134,2.47391219902885,110.168748665526,18.8190252207563,13.2278371412892,82.3984190253849,12.8127803950386,40.2474858093995,30.1013008972529,231.296665637734,63.5793938046285,294.876059442363
"65",4,12,"gran",24.4,30.8760589598257,97,308.760589598257,244,1,NA,103.411665079875,8.2526466412585,325.013106509773,33.6447106273319,26.6287910716684,140.818596705243,18.591757346654,68.9809634604342,37.7745607815667,496.950919929906,107.173886077911,604.124806007817
"66",4,13,"gran",11,11.4591559026157,36,114.591559026157,110,1,NA,13.6898476357284,0.783896586103093,20.6485599012839,2.53765537048869,2.48061354773,11.8041398223536,3.17597879873845,4.43015851069417,5.77828955579327,40.140573041334,9.26648445186495,49.407057493199
"67",4,14,"gran",23.9,34.3774677078471,108,343.774677078471,239,1,NA,133.665371032171,8.62630909395845,370.491216147658,43.5551183741708,31.897845651415,178.012043707903,21.8435416056918,86.58794102531,46.9177916283085,588.235860299372,134.456925333733,722.692785633105
"68",4,15,"gran",25,35.6507072525822,112,356.507072525822,250,1,NA,139.537017602342,9.81986766141998,419.546462727355,47.4366025460958,34.899943699025,192.260397148233,23.0264974862792,93.2033629714954,49.1114714014303,651.239894236238,144.823794602137,796.063688838375
"69",5,1,"gran",19.8,35.969017138766,113,359.69017138766,198,1,NA,170.147688302407,6.04403449789945,299.953371447092,48.4287968732462,31.121358823542,195.876620131698,23.3219093279053,94.8715033737721,55.9284299977586,555.695249944186,147.447823258452,703.143073202638
"70",5,2,"gran",15.2,27.692960097988,87,276.92960097988,152,1,"død",113.469411983996,2.95616494114155,141.502939155823,25.6887073594274,17.0402581158181,109.95543966001,15.6662336508121,53.9718922338389,38.1965448040299,300.657481556207,84.2667323005828,384.924213856789
"71",5,3,"gran",20.2,37.5605665696848,118,375.605665696848,202,1,NA,183.743210879033,6.51390694546466,328.462390097566,53.5156407517557,33.8658896526412,214.260332010288,24.7958204899455,103.286132242967,59.9134656403337,606.101038326461,160.744691258532,766.845729584993
"72",5,4,"gran",22.5,37.2422566835011,117,372.422566835011,225,1,NA,166.34468861794,8.08278261000629,379.814331335171,52.4818287009439,35.3931418278692,210.544695891823,24.5015319377568,101.59410214737,55.982872008769,642.116773091931,158.062867190879,800.179640282809
"73",5,5,"gran",12.6,20.0535228295775,63,200.535228295775,126,1,NA,57.1734139080415,1.61106345427238,65.5910434347403,11.1271861331941,8.31518583146587,50.22466418005,9.04185306084596,23.8647520564858,20.6851609580023,143.817892761714,39.0974780468559,182.91537080857
"74",5,6,"bjørk",11,12.7323954473508,40,127.323954473508,110,30,NA,9.03091657955846,0.292974954133736,28.2484696026169,3.0242497879276,4.89843512152018,18.8556708083804,3.05001140490149,3.05001140490149,2.07827869770358,48.5552671523016,15.8314210204528,64.7233985564656
"75",5,7,"gran",10.7,14.0056349920859,44,140.056349920859,107,1,NA,24.1386468514725,0.896958253908058,28.7635457308807,4.28294432125687,3.71095393021913,19.9021063233369,4.65391612749578,8.36886040588153,9.55913127696955,61.7930490877372,15.61916200208,77.4122110898172
"76",5,8,"gran",28.2,41.3802852038901,130,413.802852038901,282,1,NA,172.125317471265,14.6199314795807,631.684209499106,66.5175378082559,48.2901616189474,260.180347014824,28.299444371138,123.854163764269,60.3271094616377,933.237157877155,193.662809206568,1126.89996708372
"77",5,9,"gran",23.5,26.7380304394367,84,267.380304394367,235,1,NA,75.9361893287406,6.71069340008485,243.801848849342,23.5106233394961,19.9014374657813,101.319599087884,14.8004534287752,49.7039660294052,28.7182820361655,369.860792383445,77.8089757483879,447.669768131833
"78",5,10,"gran",26.6,33.104228163112,104,331.04228163112,266,1,NA,112.847023283035,10.6448165130759,415.449642267749,39.8181029533058,31.8164616498795,164.132060188911,20.6597504772113,80.0760028759915,41.4629045587744,610.576046667046,124.313957235605,734.890003902651
"79",5,11,"furu",24.2,28.966199642723,91,289.66199642723,242,10,NA,36.8624141753264,6.07501796543854,294.249609408389,27.4703362201236,16.8161789609395,95.3824909224039,15.8509616987048,44.6305567273557,9.84910213140137,381.473556730217,67.9121547022803,449.385711432497
"80",5,12,"einer",6.8,12.414085561167,39,124.14085561167,68,1,NA,22.7511268827386,0.419934013230985,14.6460874909067,3.12094471907677,2.46074216046865,14.5302726781243,3.69966222774268,5.72912551200302,8.8833628459254,43.3988352664218,11.4093279590476,54.8081632254693
"81",5,13,"gran",26.9,29.6028194150906,93,296.028194150906,269,1,NA,86.7084269907699,9.94046432491711,356.137285302865,30.3366611264136,26.1428709437998,128.107286101717,17.4158022899801,62.8448263831477,33.1262031662442,509.265708688766,97.7706249753031,607.036333664069
"82",5,14,"gran",22.7,32.7859182769283,103,327.859182769283,227,1,NA,125.328650582126,7.4197826929742,318.885386122155,38.9071617781001,28.4745013179272,160.723103728236,20.3638831569587,78.4661567331417,43.9724759655237,519.015482493282,121.815941950136,640.831424443418
"83",6,1,"gran",27.4,31.1943688460094,98,311.943688460094,274,1,NA,96.3360550387234,10.8546297790254,398.52625794731,34.4971293817341,29.1200215640945,144.06823326622,18.8865783969815,70.5396749936339,36.4266818695867,569.334093710887,109.571103884486,678.905197595373
"84",6,2,"gran",20,26.1014106670691,82,261.014106670691,200,1,NA,80.9840347460231,4.69545155122369,184.80197629201,22.1138750578867,17.3932009480402,95.7341045834153,14.2274725365615,46.9274355292016,29.5326164224084,309.988538595184,73.6202295255286,383.608768120713
"85",6,3,"gran",22.4,24.1915513499665,76,241.915513499665,224,1,NA,61.6452785890261,5.541338760665,192.08069094704,18.194236530502,15.9522210521563,79.842534501723,12.533329518891,38.9591837563079,23.7530374263002,293.41376587939,61.6482979712211,355.062063850611
"86",6,4,"gran",22.4,24.5098612361503,77,245.098612361503,224,1,NA,63.6843262508859,5.60636142999117,196.335511365867,18.8190252207563,16.3662049116511,82.3984190253849,12.8127803950386,40.2474858093995,24.4342240780674,300.811429179151,63.5793938046285,364.39082298378
"87",6,5,"gran",19.6,22.2816920328639,70,222.816920328639,196,1,NA,55.3829796877924,3.91601929786194,137.704927779311,14.6880333076182,12.6149482825069,65.3215548347066,10.886045519274,31.5935669716742,21.1598980014058,224.30690835509,50.6335215270884,274.940429882179
"88",6,6,"gran",21.4,32.7859182769283,103,327.859182769283,214,1,NA,131.117306642232,6.55563511706955,292.137044703181,38.9071617781001,27.5599728945084,160.723103728236,20.3638831569587,78.4661567331417,45.2544914300589,496.277121135091,121.815941950136,618.093063085227
"89",6,7,"gran",13.1,13.3690152197183,42,133.690152197183,131,1,NA,18.6701723473849,1.18871470793083,33.1981196454556,3.78868736900321,3.6567977773244,17.6266491125094,4.26045960748926,7.24064018085594,7.73398789750447,60.5024918470989,13.8379617435062,74.3404535906051
"90",6,8,"gran",22.7,28.6478897565393,90,286.478897565393,227,1,NA,91.9685748762243,6.61496844433047,258.498233328468,27.9647200311653,22.236667359546,118.889000818251,16.5384242061215,58.3552309390413,33.6755185688315,407.283164039734,90.9242807870857,498.20744482682
"91",6,9,"gran",16.7,17.5070437401073,55,175.070437401073,167,1,NA,32.9962940592827,2.3174974232198,72.7309823758422,7.75379016564287,7.13120577189158,35.5285677910143,7.0667695357668,16.3096085114364,13.1461627310389,122.929769795879,27.7747776253714,150.704547421251
"92",6,10,"gran",22,26.1014106670691,82,261.014106670691,220,1,NA,75.3791590644834,5.70723099349759,212.148798836692,22.1138750578867,18.3082735824945,95.7341045834153,14.2274725365615,46.9274355292016,28.1923494036525,333.657337535054,73.6202295255286,407.277567060583
"93",6,11,"gran",13.4,16.552114081556,52,165.52114081556,134,1,"død",32.9381612206244,1.49726518251917,50.1201918056212,6.67649152269613,5.75119113306024,30.739499269471,6.37030076961912,13.8551164923564,12.8119135002576,96.9833008645212,24.0630077467749,121.046308611296
"94",6,12,"gran",17,26.1014106670691,82,261.014106670691,170,1,NA,91.0546706353869,3.43521275577763,148.195751622211,22.1138750578867,16.0335160659827,95.7341045834153,14.2274725365615,46.9274355292016,31.9665731686186,280.833026137245,73.6202295255286,354.453255662774
"95",6,13,"furu",24.1,59.8422586025487,188,598.422586025487,241,10,NA,169.338700176973,13.6376441889595,824.847364877357,130.076519798717,47.963863007548,367.090970303488,43.407621856631,183.354895569121,29.3241422001105,1185.86409204956,237.014450504771,1422.87854255433
"96",6,14,"gran",16,15.2788745368209,48,152.788745368209,160,1,NA,23.5187902879022,1.89393392548896,53.9091073065685,5.39445999934719,5.27101231127584,24.9707299733091,5.48493022578566,10.9175660224621,9.69966478081773,89.9873038305827,19.576269973962,109.563573804545
"97",6,15,"gran",13.8,17.8253536262911,56,178.253536262911,138,1,NA,39.4301898756644,1.68331601746895,59.2557599370277,8.13537469137797,6.78866630098725,37.2129535706151,7.30466061554936,17.1747562203786,15.0522825525542,115.293306822526,29.0775788792371,144.370885701763
"98",6,16,"gran",21.8,26.4197205532529,83,264.197205532529,218,1,NA,78.1757502793769,5.65932378727533,213.502347497301,22.8066762346599,18.6457950503718,98.5093657058321,14.5135088282833,48.3085904684694,29.0501287758961,338.789892848985,75.7026894711722,414.492582320157
"99",6,17,"gran",9,14.6422547644534,46,146.422547644534,90,1,NA,30.3167265668766,0.720541394816229,25.9836972003124,4.81784956438352,3.81474562051504,22.3495023722306,5.06229347186795,9.59443115499473,11.584343885544,65.6535603469038,17.5316528078471,83.1852131547509
"100",6,18,"gran",7.8,11.1408460164319,35,111.408460164319,78,1,NA,15.6221364200789,0.461248995107518,13.763639729792,2.36116507156971,2.06517089542032,10.9753645237644,3.0100040602805,4.04315308067763,6.37769639614044,34.2733611119683,8.61419945219474,42.8875605641631
"101",6,19,"gran",21.5,27.692960097988,87,276.92960097988,215,1,NA,88.4736335668946,5.72998824600744,225.820630976569,25.6887073594274,20.242199649505,109.95543966001,15.6662336508121,53.9718922338389,32.2581307603962,365.955159798404,84.2667323005828,450.221892098987
"102",6,20,"gran",15.8,21.0084524881288,66,210.084524881288,158,1,NA,55.4871808257171,2.47483350435404,93.4311987472455,12.5832511817868,10.0880674132101,56.4447122750908,9.82060812836257,27.0561975570215,20.5953847709237,174.064531672314,43.861461093304,217.925992765618
"103",6,21,"gran",14.5,14.3239448782696,45,143.239448782696,145,1,NA,21.0858937639128,1.50176918682031,42.4478771244395,4.54524735315425,4.40851308753349,21.1041803591028,4.85628078008462,8.96945229322745,8.70570659331748,73.9893005158603,16.5589330059485,90.5482335218089
"104",6,22,"gran",22,28.966199642723,91,289.66199642723,220,1,NA,96.6910662176431,6.25042017975967,251.037997082364,28.7448120768276,22.3078150032717,121.930772116648,16.8303650294643,59.8404005724007,34.9693029246525,405.032110559866,93.1859600398203,498.218070599687
"105",6,23,"gran",25.9,41.3802852038901,130,413.802852038901,259,1,NA,184.680480183256,11.9749771971876,548.358383269555,66.5175378082559,45.7820555487393,260.180347014824,28.299444371138,123.854163764269,62.8807817455668,857.313434006994,193.662809206568,1050.97624321356
"106",6,24,"gran",7.1,11.1408460164319,35,111.408460164319,71,1,NA,16.5049339193669,0.40512112384867,12.5670456250535,2.36116507156971,2.00039235159452,10.9753645237644,3.0100040602805,4.04315308067763,6.67672283018723,33.8386580914333,8.61419945219474,42.452857543628
"107",6,25,"gran",15.7,17.5070437401073,55,175.070437401073,157,1,NA,34.4391430830749,2.07226735874909,67.2124576649852,7.75379016564287,6.92826322544564,35.5285677910143,7.0667695357668,16.3096085114364,13.5477395747594,118.405921497898,27.7747776253714,146.180699123269
"108",6,26,"gran",21.9,27.692960097988,87,276.92960097988,219,1,NA,87.2405870532421,5.95424836595379,232.037711538834,25.6887073594274,20.4478972120862,109.95543966001,15.6662336508121,53.9718922338389,31.9696618283219,371.369151529543,84.2667323005828,455.635883830126
"109",6,27,"furu",18.8,29.2845095289068,92,292.845095289068,188,10,NA,51.2597532330275,5.99451334414823,216.165504637821,28.2247657153394,15.28963601174,97.7340811558291,16.1463548872201,45.8150610264697,11.9435548272056,316.934172942076,69.5093154404897,386.443488382566
"110",6,28,"gran",12.4,13.3690152197183,42,133.690152197183,124,1,NA,19.3490285914383,1.08625768805274,31.1569539018295,3.78868736900321,3.57403308506366,17.6266491125094,4.26045960748926,7.24064018085594,7.94374698981081,58.9549606353874,13.8379617435062,72.7929223788935
"111",6,29,"gran",10.5,11.4591559026157,36,114.591559026157,105,1,NA,14.0941006093516,0.729607692631168,19.6326109490753,2.53765537048869,2.43629778124959,11.8041398223536,3.17597879873845,4.43015851069417,5.91077477192166,39.4302724027964,9.26648445186495,48.6967568546613
"112",6,30,"gran",14.3,18.4619733986586,58,184.619733986586,143,1,NA,42.2849042618136,1.84688613019651,65.8259690959359,8.93266311817978,7.41132078237571,40.7132863063631,7.78855250383633,18.9742484978801,16.0615581401212,126.301743388501,31.7806231881833,158.082366576685
"113",6,31,"gran",10.1,14.0056349920859,44,140.056349920859,101,1,NA,25.0197112613181,0.821372372557771,27.0379075548427,4.28294432125687,3.62997190552845,19.9021063233369,4.65391612749578,8.36886040588153,9.83176151040118,60.7919074155039,15.61916200208,76.4110694175839
"114",6,32,"gran",22.8,22.9183118052314,72,229.183118052314,228,1,NA,53.0793549637414,5.48164827403296,180.033425012623,15.8103751206092,14.4798321210742,70.0040934832928,11.4291182128481,33.9769997694768,20.9226660127161,268.88463549208,54.1937183626836,323.078353854764
"115",6,33,"gran",17.1,18.1436635124749,57,181.436635124749,171,1,NA,35.7069774861115,2.50124884908255,79.9372939614242,8.52831313876377,7.76352484695059,38.9412305979582,7.54528202727153,18.0630474229073,14.1342823443837,134.437358282333,30.4129174591944,164.850275741527
"116",6,34,"gran",11.4,15.2788745368209,48,152.788745368209,114,1,NA,29.4212517385361,1.07093056652839,36.0785947938401,5.39445999934719,4.55765203741945,24.9707299733091,5.48493022578566,10.9175660224621,11.4418080809166,76.5228891356713,19.576269973962,96.0991591096332
"117",6,35,"furu",22.5,51.8845114479545,163,518.845114479545,225,10,NA,143.652314517379,11.9417012606759,632.406264534088,99.9503832663476,38.8758829667616,294.197460006991,36.8608443389717,146.105854587953,25.7506637254304,926.826546545253,194.247076740643,1121.0736232859
"118",6,36,"furu",21.7,48.0647928137492,151,480.647928137492,217,10,NA,130.097140736075,11.0390107538689,546.050092821603,86.0219569985037,34.5453396198178,259.023704999125,33.5407146914579,128.102407775288,23.8604125773667,807.753540929868,173.001748000621,980.75528893049
"119",6,37,"gran",14.6,17.5070437401073,55,175.070437401073,146,1,NA,36.1831690706332,1.82364477312509,61.4204760778372,7.75379016564287,6.70442980150651,35.5285677910143,7.0667695357668,16.3096085114364,14.0358782919204,113.885509888745,27.7747776253714,141.660287514116
"120",6,38,"gran",18,25.4647908947016,80,254.647908947016,180,1,"død",82.3149816912343,3.74133995699163,153.46833011111,20.7619443007048,15.7177755977956,90.2903473492388,13.6583344190891,44.2092128620914,29.503013159524,276.004371657837,69.528403048534,345.532774706371
"121",7,1,"gran",16.2,17.8253536262911,56,178.253536262911,162,1,NA,35.3689768859501,2.2288744746614,72.2248285429544,8.13537469137797,7.29605024506506,37.2129535706151,7.30466061554936,17.1747562203786,13.9209468153171,125.254104840009,29.0775788792371,154.331683719246
"122",7,2,"gran",11,12.7323954473508,40,127.323954473508,110,1,NA,18.2683605530937,0.859817248290717,24.9539446107695,3.33391569639258,3.07950413146888,15.5206568738212,3.88257136123546,6.20905320411113,7.47583295285382,50.4955422400154,12.1867411774287,62.6822834174441
"123",7,3,"gran",14.5,17.5070437401073,55,175.070437401073,145,1,NA,36.3508499603936,1.80208725944451,60.90782355287,7.75379016564287,6.68403031734456,35.5285677910143,7.0667695357668,16.3096085114364,14.082965417931,113.498581255696,27.7747776253714,141.273358881067
"124",7,4,"gran",14.9,14.0056349920859,44,140.056349920859,149,1,NA,19.4670837934293,1.54296043150591,42.1394516027908,4.28294432125687,4.25894052936318,19.9021063233369,4.65391612749578,8.36886040588153,8.13473616832735,71.6913806783461,15.61916200208,87.3105426804261
"125",7,5,"gran",14.7,15.5971844230047,49,155.971844230047,147,1,NA,26.3580684371149,1.66104238888756,50.3380459392983,5.69870579609507,5.29353362007781,26.3469693352783,5.70138682422591,11.615659308058,10.6229083567353,89.3493961814737,20.6482635391833,109.997659720657
"126",7,6,"gran",15.1,18.7802832848424,59,187.802832848424,151,1,NA,42.6537443787572,2.06200798281383,72.5273884526285,9.34847620888052,7.86449678977324,42.5289838991583,8.03439153630378,19.9081110470977,16.2769170430068,134.456113812853,33.1805076902777,167.636621503131
"127",7,7,"gran",15,20.3718327157613,64,203.718327157613,150,1,NA,53.0720753821662,2.19492141929776,82.991613258561,11.6008849139271,9.25694021309131,52.2557397925925,9.29935799674237,24.9077545178959,19.6968659453775,159.116435187043,40.6548548786654,199.771290065709
"128",7,8,"gran",14.8,16.2338041953723,51,162.338041953723,148,1,NA,29.2477493910583,1.74303134847026,54.5489240804615,6.33962264226247,5.76921995387982,29.2312847215554,6.14415617975246,13.0845424221515,11.6534970685427,97.6485474161324,22.8916620792929,120.540209495425
"129",7,9,"gran",15.3,22.2816920328639,70,222.816920328639,153,1,NA,65.9913437904846,2.46505442128762,99.3199487604561,14.6880333076182,11.1878757661024,65.3215548347066,10.886045519274,31.5935669716742,23.8742545054707,193.652256045949,50.6335215270884,244.285777573037
"130",7,10,"gran",14.8,19.0985931710262,60,190.985931710262,148,1,NA,45.2054291726311,2.02161739276269,72.8867019100989,9.77579806293251,8.06702523881013,44.3881633372079,8.28271943912639,20.8643730082239,17.0910808752165,137.956571777235,34.6123652742754,172.568937051511
"131",7,11,"gran",14.3,16.8704239677398,53,168.704239677398,143,1,NA,33.2115691554211,1.70100549476163,56.049642108324,7.02442169717664,6.15341712879638,32.291793126922,6.59950679224553,14.6495972348266,12.9879452406639,104.14005558448,25.2673714297453,129.407427014225
"132",7,12,"gran",15.1,18.1436635124749,57,181.436635124749,151,1,NA,38.9150172109145,1.99811028641138,68.224295942441,8.52831313876377,7.32644496465815,38.9412305979582,7.54528202727153,18.0630474229073,15.0174882440875,124.992181543189,30.4129174591944,155.405099002383
"133",7,13,"gran",17.1,23.8732414637827,75,238.732414637827,171,1,NA,72.7424669311792,3.2079679429018,128.726517533895,17.5809427986509,13.5134710589447,77.3247460228172,12.2551767101064,37.6876223262017,26.3244128774413,235.771366265572,59.7438032241663,295.515169489738
"134",7,14,"gran",18.7,27.0563403256204,85,270.563403256204,187,1,NA,92.7968648627249,4.24617264246996,178.502478093251,24.2256544089889,18.0004578690346,104.164337245222,15.0882554176788,51.1132085448583,32.9030095463137,317.771627876469,79.9386828362332,397.710310712702
"135",7,15,"gran",18.4,21.0084524881288,66,210.084524881288,184,1,NA,49.8448249832322,3.28267632594357,114.048164243751,12.5832511817868,10.8540195568149,56.4447122750908,9.82060812836257,27.0561975570215,19.121844552086,190.612936291528,43.861461093304,234.474397384832
"136",7,16,"gran",15.6,17.8253536262911,56,178.253536262911,156,1,NA,36.3013394567331,2.08275088327069,68.8515282579349,8.13537469137797,7.16961340060899,37.2129535706151,7.30466061554936,17.1747562203786,14.1793337209492,122.540606689926,29.0775788792371,151.618185569163
"137",7,17,"gran",20.1,27.0563403256204,85,270.563403256204,201,1,NA,88.0152963255915,4.89476196124739,197.365329678965,24.2256544089889,18.6817337856761,104.164337245222,15.0882554176788,51.1132085448583,31.7655661125232,333.182776160469,79.9386828362332,413.121458996702
"138",7,18,"gran",17.2,20.0535228295775,63,200.535228295775,172,1,NA,46.3322864858169,2.77015064600337,96.1127123969634,11.1271861331941,9.55559403781198,50.22466418005,9.04185306084596,23.8647520564858,17.7744617862614,165.89792969979,39.0974780468559,204.995407746646
"139",7,19,"gran",18.7,24.5098612361503,77,245.098612361503,187,1,NA,72.8714591747039,3.89084187586293,151.647260850609,18.8190252207563,14.8707350540484,82.3984190253849,12.8127803950386,40.2474858093995,26.6812392271765,262.09932217598,63.5793938046285,325.678715980609
"140",7,20,"gran",18.6,23.8732414637827,75,238.732414637827,186,1,NA,68.5066783550145,3.76126556240621,144.0341704506,17.5809427986509,14.0839256119161,77.3247460228172,12.2551767101064,37.6876223262017,25.2676027615324,247.966982778587,59.7438032241663,307.710786002754
"141",7,21,"gran",19.4,28.6478897565393,90,286.478897565393,194,1,NA,103.513626719534,4.79477452286266,205.882019353701,27.9647200311653,20.4335882087092,118.889000818251,16.5384242061215,58.3552309390413,36.3546451008005,362.588728835972,90.9242807870857,453.513009623058
"142",7,22,"gran",17.8,23.554931577599,74,235.54931577599,178,1,NA,68.3617935090004,3.41699204013884,132.699759010782,16.9791803036954,13.4195763886491,74.845471765803,11.9783825066066,36.4331637072865,25.0695737415483,234.877301252266,57.8662914621076,292.743592714373
"143",7,23,"gran",19,24.5098612361503,77,245.098612361503,190,1,NA,72.0342627381942,4.01298887654,154.995446139266,18.8190252207563,14.9911164389504,82.3984190253849,12.8127803950386,40.2474858093995,26.4751105308656,264.852839413707,63.5793938046285,328.432233218336
"144",7,24,"gran",15.6,15.9154943091885,50,159.154943091885,156,1,NA,26.7426850688643,1.87830109719084,56.19789753023,6.01372594353316,5.67059225434371,27.7671259733946,5.92115685154417,12.3380168188661,10.8325030003929,96.503201894162,21.7534000298615,118.256601924023
"145",7,25,"gran",15.9,18.1436635124749,57,181.436635124749,159,1,NA,37.563977561124,2.19006713109386,72.7837470725224,8.52831313876377,7.5014639296065,38.9412305979582,7.54528202727153,18.0630474229073,14.6444123282386,128.567568833111,30.4129174591944,158.980486292305
"146",7,26,"gran",18.7,26.1014106670691,82,261.014106670691,187,1,NA,85.0686774976532,4.11413474099172,168.323395517823,22.1138750578867,16.8027904644465,95.7341045834153,14.2274725365615,46.9274355292016,30.5158468561325,296.422873278801,73.6202295255286,370.04310280433
"147",8,1,"gran",20.6,25.7831007808853,81,257.831007808853,206,1,NA,76.8860168574569,4.92970108992235,188.890316636771,21.4322789879117,17.2535145834933,92.9942789654755,13.9423966433036,45.5608570694251,28.364525078051,309.391828155555,71.5619999775638,380.953828133119
"148",8,2,"gran",18.1,21.0084524881288,66,210.084524881288,181,1,NA,50.4371226379695,3.18107203150338,111.543475300888,12.5832511817868,10.7655668883574,56.4447122750908,9.82060812836257,27.0561975570215,19.2756369964071,188.510488040505,43.861461093304,232.371949133809
"149",8,3,"gran",20.7,19.41690305721,61,194.1690305721,207,1,NA,37.2077187803196,3.85617436586932,117.137789800066,10.2146685140373,9.82881333665457,46.2906423180183,8.53345740905276,21.8427597289244,15.0790049353253,178.245164796947,36.075973803981,214.321138600927
"150",8,4,"gran",25.8,32.7859182769283,103,327.859182769283,258,1,NA,113.236707181847,9.84182007517751,389.50335270223,38.9071617781001,30.6906237283207,160.723103728236,20.3638831569587,78.4661567331417,41.313314364941,582.179665465675,121.815941950136,703.995607415811
"151",8,5,"gran",20.5,28.966199642723,91,289.66199642723,205,1,NA,101.991149503908,5.4041661016321,226.492121515346,28.7448120768276,21.4705093191894,121.930772116648,16.8303650294643,59.8404005724007,36.1936090568761,384.102758516903,93.1859600398203,477.288718556723
"152",8,6,"gran",23.4,22.9183118052314,72,229.183118052314,234,1,NA,52.0164661549018,5.7967441462862,187.298442730056,15.8103751206092,14.6954536019824,70.0040934832928,11.4291182128481,33.9769997694768,20.6594990285039,275.617481753835,54.1937183626836,329.811200116519
"153",8,7,"gran",21.9,21.9633821466801,69,219.633821466801,219,1,NA,49.1229512975669,4.84456071677226,157.601587213896,14.1443343842456,13.0054529245137,63.0407888581886,10.6169954070808,30.4300139443766,19.4131529349573,238.718886536994,48.896454473943,287.615341010937
"154",8,8,"gran",11.4,17.8253536262911,56,178.253536262911,114,1,NA,44.6274105446818,1.2323535774223,47.5770812039479,8.13537469137797,6.27220096644168,37.2129535706151,7.30466061554936,17.1747562203786,16.5209762468259,107.844420983872,29.0775788792371,136.921999863109
"155",8,9,"furu",25,33.104228163112,104,331.04228163112,250,10,NA,49.3202220332145,7.23219494431509,382.3439137655,37.991004271073,21.2057857940736,127.393146793688,19.7270989653094,60.8279823250731,12.3382524700416,498.093120808176,89.402142522615,587.495263330791
"156",8,10,"gran",25.8,25.7831007808853,81,257.831007808853,258,1,NA,64.523884579347,8.00147058226178,266.13405630054,21.4322789879117,19.6114290423573,92.9942789654755,13.9423966433036,45.5608570694251,25.4179622354691,379.703119492418,71.5619999775638,451.265119469982
"157",8,11,"gran",23.7,22.9183118052314,72,229.183118052314,237,1,NA,51.4993354081878,5.95951895192503,191.006761936471,15.8103751206092,14.8036204164418,70.0040934832928,11.4291182128481,33.9769997694768,20.5316477367252,279.079611833635,54.1937183626836,333.273330196318
"158",8,12,"gran",22.3,25.1464810085178,79,251.464810085178,223,1,NA,68.0903553563693,5.68172644377082,203.54345926366,20.1029242494514,17.1627920196789,87.6227629558414,13.3753403259877,42.8728622980627,25.8745564723201,314.58125733293,67.5198387063901,382.10109603932
"159",8,13,"gran",22.9,27.0563403256204,85,270.563403256204,229,1,NA,79.7252449352097,6.41285854169329,238.922610689384,24.2256544089889,20.0581783228871,104.164337245222,15.0882554176788,51.1132085448583,29.8096040701089,369.344546898164,79.9386828362332,449.283229734397
"160",8,14,"gran",16.7,15.9154943091885,50,159.154943091885,167,1,NA,25.5101583395098,2.12466571503774,61.3030883592968,6.01372594353316,5.85385953103182,27.7671259733946,5.92115685154417,12.3380168188661,10.478731161159,100.805497888409,21.7534000298615,122.558897918271
"161",8,15,"gran",14.8,15.2788745368209,48,152.788745368209,148,1,NA,24.8053698324759,1.64959344828786,48.9056272582178,5.39445999934719,5.087010143105,24.9707299733091,5.48493022578566,10.9175660224621,10.0752506445249,85.8420606814338,19.576269973962,105.418330655396
"162",8,16,"gran",26.1,30.2394391874581,95,302.394391874581,261,1,NA,93.3748782575611,9.43868338403681,350.409343727839,31.970186175727,26.687884132441,134.404523575767,18.00303842812,65.89253033084,35.0774072908006,511.880975677605,102.43433740004,614.315313077645
"163",8,17,"gran",24.3,28.0112699841717,88,280.112699841717,243,1,NA,82.6750664973757,7.52106904508682,276.884780205631,26.4365924245856,22.1675675241034,112.900852046902,15.9563137856933,55.4206392232983,31.113361931755,415.685075696782,86.464259622316,502.149335319098
"164",8,18,"gran",22.9,24.1915513499665,76,241.915513499665,229,1,NA,60.6020457972828,5.80806144355741,198.57859039069,18.194236530502,16.1515254670202,79.842534501723,12.533329518891,38.9591837563079,23.4988809924515,299.334459629052,61.6482979712211,360.982757600273
"165",8,19,"gran",11.4,16.8704239677398,53,168.704239677398,114,1,"død",38.4914523241831,1.17196242036947,43.1186448383445,7.02442169717664,5.59773616340921,32.291793126922,6.59950679224553,14.6495972348266,14.5046069913761,95.4042174434829,25.2673714297453,120.671588873228
"166",8,20,"gran",17.9,24.5098612361503,77,245.098612361503,179,1,NA,75.1992904719761,3.57833897567733,142.939295840183,18.8190252207563,14.5501427728546,82.3984190253849,12.8127803950386,40.2474858093995,27.2558122943622,255.086093281448,63.5793938046285,318.665487086076
"167",9,1,"gran",15,19.0985931710262,60,190.985931710262,150,1,NA,44.7964565377951,2.06959732178104,74.1020050150709,9.77579806293251,8.11573993345127,44.3881633372079,8.28271943912639,20.8643730082239,16.9796522956014,138.859596871031,34.6123652742754,173.471962145306
"168",9,2,"gran",14.7,16.552114081556,52,165.52114081556,147,1,NA,30.9671966657804,1.75333110323039,56.0176425182864,6.67649152269613,5.98805727520181,30.739499269471,6.37030076961912,13.8551164923564,12.2466816580798,101.402719085195,24.0630077467749,125.46572683197
"169",9,3,"gran",16,18.1436635124749,57,181.436635124749,160,1,NA,37.4018069380513,2.21491203158321,73.3652370477201,8.52831313876377,7.52331652723763,38.9412305979582,7.54528202727153,18.0630474229073,14.599739254064,129.033585683356,30.4129174591944,159.44650314255
"170",9,4,"gran",17.1,21.0084524881288,66,210.084524881288,171,1,NA,52.5154065085442,2.85865613123586,103.43676865668,12.5832511817868,10.4709997485653,56.4447122750908,9.82060812836257,27.0561975570215,19.8169358678045,181.865082226812,43.861461093304,225.726543320116
"171",9,5,"gran",15.1,13.6873251059021,43,136.873251059021,151,1,NA,18.1141033530953,1.54718568022025,41.0955924386057,4.03080502195475,4.08508722760348,18.743026084379,4.45528189760153,7.79261402415284,7.64245265412879,68.8727737214795,14.7122210624242,83.5849947839037
"172",9,6,"gran",15.9,16.2338041953723,51,162.338041953723,159,1,NA,27.8509949331167,1.97876419530513,59.653177383471,6.33962264226247,5.96053462355396,29.2312847215554,6.14415617975246,13.0845424221515,11.2534059707785,101.783093777709,22.8916620792929,124.674755857002
"173",9,7,"gran",19.1,21.6450722604963,68,216.450722604963,191,1,NA,52.4003950037957,3.62569997062006,126.388969761413,13.6123004543842,11.7461435829767,60.8008348670759,10.3496928873596,29.2857046640765,20.0838880112536,207.77350877319,47.1885344126917,254.962043185881
"174",9,8,"gran",17.6,21.6450722604963,68,216.450722604963,176,1,NA,55.577534697879,3.09953731868655,113.138897121094,13.6123004543842,11.2763127203754,60.8008348670759,10.3496928873596,29.2857046640765,20.9005169443415,196.704582312419,47.1885344126917,243.893116725111
"175",9,9,"gran",14.1,13.3690152197183,42,133.690152197183,141,1,NA,17.7842340438718,1.34539031817954,36.2234870456436,3.78868736900321,3.77413210150591,17.6266491125094,4.26045960748926,7.24064018085594,7.46165761067664,62.9159308782041,13.8379617435062,76.7538926217102
"176",9,10,"gran",16.4,22.2816920328639,70,222.816920328639,164,1,NA,62.9099239693461,2.79202745698974,108.440830667387,14.6880333076182,11.5528771898784,65.3215548347066,10.886045519274,31.5935669716742,23.0800394242151,200.38369259122,50.6335215270884,251.017214118308
"177",9,11,"gran",15.1,22.2816920328639,70,222.816920328639,151,1,NA,66.5851316266013,2.40855278019614,97.7092577314127,14.6880333076182,11.1213967801272,65.3215548347066,10.886045519274,31.5935669716742,24.0278264849293,192.512372225956,50.6335215270884,243.145893753044
"178",9,12,"gran",14.5,17.1887338539236,54,171.887338539236,145,1,NA,34.602447470807,1.77216075439267,58.9429391259346,7.38349582157632,6.43535368534577,33.8881606022669,6.83169074121102,15.4678219896919,13.4851350251924,109.136396858056,26.5046647806906,135.641061638747
"179",9,13,"gran",14.8,16.2338041953723,51,162.338041953723,148,1,NA,29.2477493910583,1.74303134847026,54.5489240804615,6.33962264226247,5.76921995387982,29.2312847215554,6.14415617975246,13.0845424221515,11.6534970685427,97.6485474161324,22.8916620792929,120.540209495425
"180",9,14,"gran",14,20.0535228295775,63,200.535228295775,140,1,NA,53.3492551812072,1.92059331754146,74.2329109864936,11.1271861331941,8.69583086325613,50.22466418005,9.04185306084596,23.8647520564858,19.6499423013056,149.325776481692,39.0974780468559,188.423254528548
"181",9,15,"gran",13.1,14.6422547644534,46,146.422547644534,131,1,NA,23.9521059381643,1.28995552534496,39.1310719553704,4.81784956438352,4.41627000738839,22.3495023722306,5.06229347186795,9.59443115499473,9.64778271237121,73.6072529906516,17.5316528078471,91.1389057984987
"182",9,16,"gran",15.5,15.9154943091885,50,159.154943091885,155,1,NA,26.8607713440876,1.85692862830324,55.7461544677143,6.01372594353316,5.65391189842662,27.7671259733946,5.92115685154417,12.3380168188661,10.866502850358,96.1314922820649,21.7534000298615,117.884892311926
"183",9,17,"gran",13.8,15.2788745368209,48,152.788745368209,138,1,NA,25.9949104882234,1.46282252858393,44.9347563547402,5.39445999934719,4.93293804895545,24.9707299733091,5.48493022578566,10.9175660224621,10.4246459514851,82.7198874198502,19.576269973962,102.296157393812
"184",9,18,"gran",14.2,17.1887338539236,54,171.887338539236,142,1,NA,35.0907224071578,1.70955514269344,57.4676650714502,7.38349582157632,6.37636839450803,33.8881606022669,6.83169074121102,15.4678219896919,13.6232214608538,108.027806837386,26.5046647806906,134.532471618076
"185",9,19,"gran",11.5,12.0957756749832,38,120.957756749832,115,1,NA,15.4326971453497,0.881082620981326,23.8945027412956,2.91736163034757,2.81997917722251,13.5810528006477,3.52087820841336,5.27283901052475,6.45356574577826,45.9456233151967,10.6636911703002,56.6093144854969
"186",9,20,"gran",12.2,12.0957756749832,38,120.957756749832,122,1,NA,14.860682640573,0.96827154132815,25.5346902563273,2.91736163034757,2.88804674622629,13.5810528006477,3.52087820841336,5.27283901052475,6.27039140608804,47.1690528148023,10.6636911703002,57.8327439851025
"187",9,21,"gran",17.3,22.6000019190476,71,226.000019190477,173,1,NA,62.827092773373,3.12066481657443,119.101823010282,15.2433855798236,12.1913485701724,67.6427786092471,11.1567753441979,32.7760134708885,23.2064731950771,212.484314750226,52.3993930294235,264.883707779649
"188",9,22,"gran",11.4,12.414085561167,39,124.14085561167,114,1,NA,16.6632854735366,0.88912127309061,24.796606938388,3.12094471907677,2.96436700690248,14.5302726781243,3.69966222774268,5.72912551200302,6.90604272094587,48.4343254109944,11.4093279590476,59.843653370042
"189",9,23,"gran",18.1,21.9633821466801,69,219.633821466801,181,1,NA,56.557979032018,3.31177222574255,120.445363533338,14.1443343842456,11.7725650879008,63.0407888581886,10.6169954070808,30.4300139443766,21.3023601828241,206.232014263245,48.896454473943,255.128468737188
"190",9,24,"gran",14.6,18.4619733986586,58,184.619733986586,146,1,NA,41.6994950961135,1.91424036794612,67.5089449968424,8.93266311817978,7.47963163187041,40.7132863063631,7.78855250383633,18.9742484978801,15.8998775082441,127.534975210952,31.7806231881833,159.315598399135
"191",9,25,"gran",16.6,21.6450722604963,68,216.450722604963,166,1,NA,57.915019203116,2.78069818142209,104.793674124437,13.6123004543842,10.9635860977943,60.8008348670759,10.3496928873596,29.2857046640765,21.5048629732464,190.065278061153,47.1885344126917,237.253812473845
"192",9,26,"gran",15.1,23.554931577599,74,235.54931577599,151,1,NA,76.6522740065874,2.53203881074103,107.403526283634,16.9791803036954,12.4195390604057,74.845471765803,11.9783825066066,36.4331637072865,27.1619628204293,215.986558465063,57.8662914621076,273.852849927171
"193",9,27,"gran",15.3,18.1436635124749,57,181.436635124749,153,1,NA,38.5679838222641,2.04498345904529,69.3489412830018,8.52831313876377,7.37023934064189,38.9412305979582,7.54528202727153,18.0630474229073,14.9215051389329,125.860461043717,30.4129174591944,156.273378502911
